1,Random Strategies by Picorims,1|1|1|1|1|1|1|1
Alleyn Strathman,astrathmanfl23309,0,5|16|6|3|1|3|14|16
David Petrulis,dpetrulisnr26602,0,23|6|0|8|2|9|2|14
Tamarra Noden,tnodenbd30758,0,6|2|8|6|21|0|3|18
Tomkin Dorrins,tdorrinso01107,0,5|6|0|9|21|7|10|6
Gussie Glamart,gglamartab30301,0,0|12|6|7|8|14|4|13
Peyter Troth,ptrothq97953,0,9|10|11|4|2|4|4|20
Rosene Polley,rpolley9v22272,0,13|1|1|2|2|23|6|16
Wallace Roseaman,wroseaman5j30675,0,4|1|2|7|28|14|1|7
Booth Ferreiro,bferreiroao26752,0,5|5|8|8|7|5|14|12
Corny Djokic,cdjokic6w4954,0,1|3|4|16|21|8|4|7
Benjamin Trillo,btrillo2e1756,0,13|7|16|0|4|10|10|4
Franky Sarah,fsarahjt7853,0,2|28|4|6|10|6|1|7
Madeline Garley,mgarley5h29602,0,24|8|0|7|2|2|0|21
Pooh Gulliver,pgulliver1718724,0,11|4|0|7|0|13|18|11
Shelba Pinkie,spinkienf32523,0,12|1|11|12|0|10|6|12
Charil Boler,cbolerre25370,0,26|6|5|2|9|0|11|5
Ilene Sloat,isloatpc27606,0,3|9|4|18|8|4|14|4
Mitchael McGuane,mmcguanejf1609,0,5|6|0|14|16|13|9|1
Janaye Reucastle,jreucastleee4882,0,2|4|11|19|3|14|3|8
Joelle Lente,jlente3o9924,0,5|5|2|1|11|15|6|19
Collette Ranaghan,cranaghan5728465,0,10|5|3|8|5|8|1|24
Shelby Sparsholt,ssparsholt4226206,0,12|2|17|7|1|10|2|13
Madel Ferrario,mferrarioqf1663,0,2|11|1|4|5|22|6|13
Celeste Ciric,cciricni20628,0,8|9|8|7|7|5|7|13
Odelle Paggitt,opaggittkd9053,0,6|18|6|12|7|5|9|1
Izzy Fosdick,ifosdicko45254,0,13|0|9|4|11|16|5|6
Suki Newlove,snewlove2912281,0,5|7|10|5|15|6|8|8
Vi Offell,voffelles3972,0,1|16|0|12|13|6|6|10
Vladamir Roycraft,vroycraftew13678,0,4|8|6|7|11|13|7|8
Jacki Phipp,jphippi4494,0,0|4|14|5|11|15|9|6
Nadiya Mickelwright,nmickelwrightce14391,0,15|5|19|8|6|8|0|3
Shane Grahamslaw,sgrahamslaw1i16103,0,3|21|5|0|7|10|12|6
Wallace Pawellek,wpawellekdi32167,0,6|18|1|12|10|8|2|7
Kleon Baggs,kbaggsqj1107,0,14|5|7|4|13|3|13|5
Courtney Carneck,ccarneckd48266,0,5|7|18|2|6|3|19|4
Ewan Lincey,elinceyov4229,0,4|12|6|16|8|11|5|2
Judie Sperling,jsperlingii30158,0,7|4|5|4|17|3|24|0
Nyssa Sandercroft,nsandercroftqg2663,0,3|13|0|2|19|3|5|19
Genia Schapiro,gschapirobt23861,0,12|8|6|5|2|16|12|3
Hedy Shawcross,hshawcrossi82834,0,14|2|12|5|6|5|3|17
Shelby McArthur,smcarthur8n7454,0,7|8|7|8|11|10|8|5
Gav Syer,gsyerdi1929,0,7|6|11|19|10|9|2|0
Emmery Cardenoso,ecardenosopu31198,0,0|13|8|0|19|14|9|1
Ivonne Blogg,ibloggq228215,0,0|15|6|5|9|8|13|8
Maible Batterton,mbatterton1118261,0,18|3|6|2|9|8|18|0
Hannis Chastagnier,hchastagnier9z28718,0,4|6|13|9|4|5|20|3
Jack Proschek,jproschekjz15105,0,2|19|19|2|5|12|1|4
Rogerio Boggas,rboggasfm16022,0,5|2|0|22|6|9|5|15
Fawnia Krzysztofiak,fkrzysztofiaki211274,0,7|22|0|21|1|12|0|1
Mac Lotte,mlotteb922119,0,6|11|5|0|3|15|11|13
Nata Hayen,nhayengo6139,0,4|17|4|7|1|18|5|8
Clio Antrack,cantrack4w9511,0,5|8|9|6|4|8|11|13
Vite Duddan,vduddanep28955,0,20|3|1|8|19|4|4|5
August Swindin,aswindinor12133,0,14|6|7|1|1|17|6|12
Melba Silby,msilbyid8884,0,6|6|15|4|1|19|0|13
Alix Bembridge,abembridgeoj5417,0,1|17|12|2|4|2|15|11
Dillie Broad,dbroadcn19338,0,0|0|13|2|6|19|17|7
Lane Royle,lroylelf5215,0,5|15|5|8|10|12|2|7
Saree Espino,sespinobv17951,0,5|5|12|18|0|2|11|11
Yard Kliemann,ykliemann1c20517,0,7|16|3|1|5|13|6|13
Madella Goodday,mgoodday5e11672,0,1|10|4|12|15|8|6|8
Cosetta Pargetter,cpargetter5g9658,0,8|16|5|17|2|3|6|7
Bernardine Agott,bagottax5632,0,0|1|17|9|0|25|7|5
Ingrid Ditt,idittih28915,0,14|6|8|28|5|2|0|1
Bran Ramsted,bramsted6x7567,0,6|5|5|11|10|0|10|17
Larissa Flucks,lflucks7y26254,0,7|4|5|11|7|21|4|5
Odey Rourke,orourke9g26987,0,4|15|6|12|4|16|1|6
Christyna Skarin,cskarin4914577,0,19|7|16|7|3|3|6|3
Ichabod Sizland,isizlandaj10738,0,6|4|6|2|2|24|11|9
Marielle McKinstry,mmckinstry6r6417,0,5|4|0|2|5|6|22|20
Babb Ledingham,bledinghamrp2111,0,5|16|6|0|0|7|20|10
Zandra Fallow,zfallow5o7686,0,10|2|5|8|8|13|5|13
Alisha Farnall,afarnallc912989,0,4|2|19|12|0|8|8|11
Valdemar Guile,vguileop2367,0,4|8|6|7|12|13|10|4
Selena Kingcote,skingcotefe29844,0,1|16|4|6|11|10|2|14
Carolus Jessen,cjessenjx32684,0,11|4|4|5|16|0|18|6
Lissi Heatherington,lheatheringtonfy18643,0,19|1|6|15|2|21|0|0
Karine Allan,kallania11445,0,4|6|16|17|6|6|8|1
Kriste Placstone,kplacstonepw18154,0,6|21|5|9|8|5|8|2
Kassi McKinney,kmckinneyra8128,0,19|15|2|4|12|8|3|1
Daloris McCobb,dmccobbhp24966,0,8|4|9|0|5|24|6|8
Vannie Greenhaugh,vgreenhaughor19609,0,8|0|2|5|17|4|17|11
Hilario Pimlett,hpimlett5p1830,0,7|3|13|3|17|8|8|5
Caprice MacGuffie,cmacguffie3224437,0,6|14|5|3|9|3|10|14
Brody Veivers,bveiversro19107,0,14|4|12|2|14|4|6|8
Mose Paddock,mpaddockl417114,0,6|2|7|16|23|0|2|8
Nevil Filliskirk,nfilliskirk6318159,0,3|3|15|5|16|14|2|6
Nealon Cowperthwaite,ncowperthwaitek93678,0,13|11|2|16|2|6|13|1
Yancy Domino,ydominobj13601,0,18|2|16|6|10|7|5|0
Kirsti Dorant,kdorantb716561,0,10|6|11|10|21|3|2|1
Myles Rubbert,mrubbertjx8855,0,12|2|4|5|5|15|14|7
Felicity Spellecy,fspellecy7u23512,0,3|9|2|15|13|5|4|13
Carling Mackison,cmackisonp88586,0,2|5|19|14|4|11|8|1
Aleksandr Arnoldi,aarnoldic30613,0,10|4|10|11|10|1|9|9
Aldwin Marusic,amarusic6z11477,0,0|8|11|3|20|14|0|8
Cacilie Marris,cmarrisiz1323,0,1|4|8|4|13|7|18|9
Ingeborg Christofle,ichristofle5427871,0,7|18|7|1|8|5|13|5
Bendicty Crippill,bcrippill70315,0,3|16|10|4|5|2|20|4
Rosina Downham,rdownhamdf8743,0,0|15|7|7|21|7|1|6
Jedediah Bourcq,jbourcqil9859,0,11|2|17|10|5|9|8|2
Janetta Scamwell,jscamwellrh17286,0,6|10|2|6|18|8|10|4
Heida Boughtwood,hboughtwood6011427,0,9|7|7|4|6|12|16|3
Lauralee Tegeller,ltegellercn27505,0,5|7|6|6|9|12|6|13
Glory Such,gsuchfm29084,0,15|3|6|8|8|0|7|17
Hermy Sandiland,hsandilandmj16925,0,8|2|0|12|6|15|9|12
Cordi Sheirlaw,csheirlawby25101,0,2|13|15|2|0|2|0|30
Bruce Kingham,bkinghaml52465,0,10|4|8|3|31|3|4|1
Kristoffer Learmount,klearmount6b16385,0,15|4|11|4|3|8|17|2
Hurleigh Rheam,hrheamib30328,0,28|8|1|9|1|0|4|13
Perrine Haylands,phaylandsf726849,0,0|5|13|9|1|18|5|13
Sonny Bineham,sbinehampe12937,0,17|6|0|6|10|1|15|9
Brady Pherps,bpherps8316872,0,7|8|7|13|7|15|1|6
Janaye Reucastle,jreucastleee3431,0,15|10|5|5|8|15|1|5
Crissie Dimmne,cdimmneih20797,0,7|13|2|5|7|15|0|15
Stu Bichener,sbichener6j3361,0,9|3|8|8|12|8|14|2
Shelby Huffa,shuffag31167,0,7|14|0|20|10|0|8|5
Tailor Sonier,tsoniert2696,0,1|8|7|12|9|12|12|3
Andree Lait,alait5h6618,0,1|5|5|14|7|7|23|2
Estelle Klimkin,eklimkin8t20970,0,9|13|6|13|3|5|7|8
Becky Patley,bpatley5u19042,0,5|10|4|27|0|7|6|5
Roberta Sivil,rsivilgx1895,0,1|20|8|6|1|15|12|1
Moise Stanlick,mstanlickno27510,0,7|8|7|12|1|16|11|2
Richard Ginnell,rginnell9c19256,0,10|7|7|4|13|10|13|0
Augustus Tulloch,atulloch5c8455,0,2|15|15|2|10|6|8|6
Bronson Cooling,bcoolingg230520,0,17|9|8|7|7|8|0|8
Miguel D'Alessandro,mdalessandrohl4228,0,1|13|3|7|8|11|8|13
Patty Keuntje,pkeuntje1x227,0,4|6|11|0|20|13|8|2
Mortimer Domm,mdomm7p13628,0,4|14|10|6|8|2|8|12
Alaric Rigbye,arigbyec629157,0,8|1|7|6|11|12|13|6
Vally Neaves,vneaveso624593,0,6|7|8|4|1|14|13|11
Lanie Borrott,lborrotten2058,0,8|10|2|8|4|3|7|22
Cirilo Bryan,cbryanqi23413,0,4|2|25|4|8|6|12|3
Wells Folliss,wfollissn316876,0,7|12|0|3|8|4|20|10
Corny Djokic,cdjokic6w746,0,7|3|12|7|14|6|13|2
Mercedes Spybey,mspybeygr5791,0,0|1|7|13|15|18|5|5
Dehlia Cressy,dcressyhr29683,0,7|8|5|4|10|4|9|17
Mona Carrier,mcarrierpf17439,0,12|9|5|16|10|0|6|6
Roosevelt Liles,rlilesp320745,0,11|0|11|4|14|4|7|13
Celestia Higgonet,chiggonetit21822,0,22|15|5|6|8|1|2|5
Amelia Pervew,apervew776116,0,7|11|8|4|4|5|19|6
Lebbie Housby,lhousbyjx4021,0,0|6|8|10|6|1|18|15
Sapphire Regnard,sregnardbm25850,0,2|11|20|13|3|6|8|1
Nonah Cobbin,ncobbinmg23372,0,18|3|11|10|10|4|1|7
Christian Cinderey,ccinderey9a24595,0,1|18|8|2|7|19|3|6
Delbert Harniman,dharniman727740,0,5|2|12|8|0|1|22|14
Virginia Pierce,vpierceb22519,0,0|3|15|9|13|10|6|8
Lonni O'Donegan,lodonegan7928855,0,8|8|13|6|2|7|12|8
Kenna Schulze,kschulze5b16932,0,22|7|6|2|0|11|8|8
Stillmann Rushsorth,srushsorth3520441,0,8|4|7|16|8|12|8|1
Rosamond Berntsson,rberntssonk52400,0,7|7|2|9|7|2|11|19
Averell Corkish,acorkish5y9017,0,9|2|11|5|2|10|13|12
Paule McGahy,pmcgahy6a4289,0,6|0|14|12|10|5|11|6
Dore Creyke,dcreykemr24646,0,9|8|2|8|9|5|15|8
Kelley Coast,kcoastgz27821,0,3|11|15|18|7|7|0|3
Minne Durker,mdurkerf12549,0,7|20|1|13|15|6|0|2
Desirae Puckinghorne,dpuckinghornerp2045,0,10|11|8|4|6|7|6|12
Toiboid McGurn,tmcgurnqu1872,0,13|2|3|8|11|11|5|11
Griffin Guierre,gguierrer824759,0,0|7|11|11|10|7|6|12
Jeanette Kewley,jkewleyey31741,0,2|6|12|8|5|14|5|12
Celine Carlon,ccarlon417911,0,2|10|2|15|16|7|8|4
Ethelbert Tourle,etourlejj11119,0,5|0|5|5|8|19|4|18
Shelly Legier,slegierfv29351,0,6|6|17|13|2|0|17|3
Chelsae Keppel,ckeppel1q12337,0,21|16|3|0|7|8|4|5
Tamarah Cowles,tcowlesbu20719,0,2|17|6|14|9|8|5|3
Mechelle Petroselli,mpetrosellikc30244,0,6|10|4|11|2|6|11|14
Dorey Goakes,dgoakesp621405,0,7|8|16|5|8|5|0|15
Cherey McQuin,cmcquin2y23937,0,0|1|6|15|25|10|3|4
Hattie Freemantle,hfreemantleo524476,0,3|5|6|7|14|20|7|2
Miran Crookes,mcrookesee30015,0,10|17|5|3|4|10|9|6
Jacquie Arnold,jarnoldjy7280,0,5|5|10|2|27|2|3|10
Drugi Pentelow,dpentelow7x12613,0,12|2|3|8|16|8|15|0
Hilarius Mannion,hmanniondw5588,0,6|9|14|9|11|1|9|5
Felipa Sebring,fsebringkq30880,0,14|15|3|0|3|2|24|3
Vikky MacVicar,vmacvicarmg5582,0,13|25|7|5|2|1|4|7
Brice Collum,bcollum9b25955,0,6|16|6|3|3|6|5|19
Andeee Tixier,atixierm525398,0,0|13|7|7|7|10|5|15
Franky Sarah,fsarahjt17358,0,3|8|8|5|12|7|14|7
Gustav Jachimiak,gjachimiak4o16469,0,0|9|14|1|24|4|10|2
Rustin Taig,rtaig7t30956,0,2|7|12|10|21|5|7|0
Darn Koppes,dkoppes3s31391,0,4|0|0|17|8|2|20|13
Luz Rahill,lrahillhi792,0,3|14|6|6|0|22|4|9
Malvin Inseal,minsealpz13308,0,7|5|18|1|0|10|21|2
Cathi Stickland,csticklandec5039,0,3|3|25|13|8|2|8|2
Bonny Friman,bfrimanhw14711,0,18|7|17|7|1|2|6|6
Queenie Harryman,qharryman525693,0,5|5|8|11|8|14|13|0
Sidney Moncaster,smoncaster1b16670,0,15|5|10|5|0|6|1|22
Faulkner Bridel,fbridel3t21987,0,4|8|18|12|8|6|3|5
Ingram Bellas,ibellase218354,0,5|5|4|7|3|1|33|6
Fairlie Maxted,fmaxtedas14439,0,9|10|13|7|1|2|7|15
Chloris Duffet,cduffet4j14250,0,8|9|8|1|8|18|7|5
Polly Blench,pblenchok6065,0,15|27|0|2|5|4|5|6
Salvatore Greatrex,sgreatrexfy1958,0,20|9|8|9|0|2|4|12
Arnold Sighard,asighardhi9231,0,8|5|11|10|8|2|8|12
Erhard Eim,eeimnp16642,0,5|2|0|7|22|8|19|1
Tamarra Glendenning,tglendenningcm4572,0,6|0|0|12|8|17|19|2
Reinhold Lutwidge,rlutwidgeiz1145,0,26|7|2|3|0|6|17|3
Poppy Reason,preasonbd16571,0,5|5|7|15|15|6|7|4
Shelby Tomaselli,stomaselligt7566,0,9|5|12|8|5|4|8|13
Dillon Redd,dredd5v6917,0,15|8|3|1|3|20|9|5
Wendel Epinoy,wepinoybj21713,0,17|4|2|11|2|13|4|11
Rudd Birth,rbirthra19975,0,6|23|9|14|0|5|6|1
Jo-ann Reinhard,jreinhardmi7790,0,26|1|7|14|4|3|9|0
Paule McGahy,pmcgahy6a10877,0,9|6|15|5|5|4|3|17
Eugenie Furzer,efurzerpk27197,0,2|11|11|3|23|7|4|3
Aimil Mabey,amabey1b17099,0,18|9|12|8|1|5|9|2
Antonetta McGray,amcgrayk64960,0,2|4|4|2|16|30|2|4
Janifer Seath,jseathpu27086,0,2|10|4|13|9|14|4|8
Suzi Du Fray,sdud18566,0,4|3|11|20|5|2|17|2
Vilhelmina Sutty,vsutty3h1157,0,1|10|22|6|0|2|22|1
Alford Finan,afinan3c22397,0,1|0|10|3|3|7|27|13
Naoma Wurst,nwurstmw5103,0,9|12|2|1|8|6|15|11
Mickie O'Rowane,morowanen310156,0,3|7|7|3|0|6|16|22
Aprilette Dominka,adominkabz4896,0,12|1|24|13|1|7|3|3
Alleen Clee,acleen827300,0,0|17|7|7|8|8|6|11
Lauri Brugemann,lbrugemanngi20023,0,6|22|13|4|2|1|7|9
Skipper McDonell,smcdonellbj19480,0,5|7|13|5|13|2|12|7
Joyann Hilbourne,jhilbourne8y1846,0,8|8|7|4|20|9|7|1
Audra Dethloff,adethloffkq10557,0,15|29|0|1|4|2|1|12
Clemens Oldfield-Cherry,coldfieldcherry2w2242,0,9|0|14|0|14|10|9|8
Elihu Copozio,ecopozioc42104,0,4|7|18|3|6|3|19|4
Kenn Scoble,kscoble8t17397,0,6|6|7|11|7|0|10|17
Brooke Fullom,bfullomp20000,0,7|5|5|7|1|0|15|24
Fiorenze Kreuzer,fkreuzerlg24261,0,6|12|19|11|1|5|5|5
Alain Lapslie,alapslie2m14576,0,9|0|0|8|12|18|13|4
Dennison Josefowicz,djosefowiczr027173,0,7|14|7|8|19|5|3|1
Layla Striker,lstriker3c20147,0,18|8|10|1|9|1|16|1
Julienne Sappson,jsappsonme21261,0,11|1|0|16|13|8|12|3
Guillemette Vautier,gvautiera128004,0,11|8|14|0|4|9|11|7
Sharl Lorrain,slorrain6h14356,0,11|15|7|2|23|1|2|3
Skipton Ivashkin,sivashkin7a3477,0,1|7|7|1|13|11|11|13
Alvera Bootman,abootmannn5289,0,10|2|21|8|15|1|4|3
Hervey Faro,hfaro6m422,0,14|10|17|3|6|0|8|6
Chrisse Crispin,ccrispin3u31933,0,8|3|0|17|11|10|12|3
Julee Skea,jskea3427088,0,22|8|2|4|9|11|2|6
Matthew Ollenbuttel,mollenbuttel6i13542,0,8|13|18|6|7|4|6|2
Jyoti Kettell,jkettellm813723,0,1|8|13|8|6|5|13|10
Peggie Iacovino,piacovinov26366,0,2|7|7|16|3|12|10|7
Stephen Penni,spenni167626,0,4|10|8|6|8|7|7|14
Maryrose Carrett,mcarrettff21071,0,7|7|4|9|12|4|6|15
Odele McKerton,omckerton473716,0,16|6|11|7|5|8|2|9
Beltran Lauxmann,blauxmannb023681,0,16|9|3|16|5|7|3|5
Thaxter Weben,twebencm18845,0,1|5|11|11|14|8|8|6
Brittany Arnet,barnet8p325,0,2|4|4|8|5|8|7|26
Rasla De Bruyne,rdeo427666,0,0|3|17|8|6|17|2|11
Rora Vedeneev,rvedeneevk331781,0,19|1|11|15|5|1|5|7
Emmerich Mouser,emouseroq14312,0,3|3|11|15|4|7|6|15
Emmy Bucktharp,ebucktharpfq2981,0,5|6|10|5|11|1|12|14
Harald Woolmer,hwoolmernd20326,0,15|5|9|6|13|2|6|8
Natasha Bingle,nbinglefl5004,0,12|4|3|16|6|9|11|3
Diena Quinton,dquintonbh18671,0,2|8|6|22|6|11|4|5
Barrie Ballefant,bballefant9k32237,0,5|1|17|3|5|13|5|15
Kasey Willshee,kwillsheegw6195,0,8|9|3|18|10|5|11|0
Marget Housegoe,mhousegoe9k5870,0,0|7|7|9|10|24|6|1
Devora Camellini,dcamellinip11717,0,4|8|11|2|7|8|0|24
Pattie Ramsby,pramsbyda23755,0,4|10|1|18|0|9|6|16
Hashim Whorlow,hwhorlow6526838,0,4|12|8|8|1|13|7|11
Fay Saurin,fsaurinbe23378,0,6|8|16|7|0|10|6|11
Lindsey Kilday,lkilday6w19513,0,2|10|14|9|8|12|7|2
Shena Force,sforcer26304,0,6|10|18|0|20|3|6|1
Berny Yuill,byuillao21095,0,4|8|3|15|1|18|5|10
Caleb Logsdail,clogsdailoz28652,0,2|7|4|16|2|5|20|8
Dall Haffner,dhaffnerfs20506,0,4|1|14|7|10|3|13|12
Eda McNern,emcnernad13378,0,8|8|7|4|8|1|11|17
Natty Strass,nstrass7e28844,0,6|21|7|6|10|8|5|1
Cheslie Dugall,cdugall4i7357,0,12|8|0|14|3|9|12|6
Kiri Grayston,kgrayston8l19628,0,0|11|11|4|10|14|14|0
Dena Ponsford,dponsfordp27135,0,1|7|5|3|7|19|8|14
Korry Muffett,kmuffetta23345,0,11|5|2|4|0|12|13|17
Georgena Cleland,gcleland1l12951,0,10|5|4|0|3|11|17|14
Fulvia Huddleston,fhuddlestondt18742,0,2|0|7|4|18|23|6|4
Abel Peirpoint,apeirpointn12232,0,3|10|8|17|0|21|5|0
Georges Dracksford,gdracksfordk119273,0,8|19|11|5|8|1|5|7
Brod Munks,bmunks8930089,0,11|4|6|6|1|8|22|6
Simone Dumbare,sdumbare9a27427,0,18|0|1|5|17|13|9|1
Alessandro Donegan,adonegankc10077,0,8|17|20|7|3|3|4|2
Delia Banes,dbanesh319315,0,8|8|3|8|16|4|14|3
Engracia Truin,etruin3v3390,0,7|6|8|1|11|0|26|5
Tammie Blakeden,tblakedeno55696,0,6|0|16|5|15|5|14|3
Garth Barrowcliff,gbarrowcliffq624376,0,18|5|6|4|5|8|3|15
Forrester Ritmeyer,fritmeyerkf22214,0,5|25|6|8|5|2|10|3
Harbert Stoeckle,hstoecklemh23797,0,8|9|8|6|0|4|22|7
Humfrey Lambertson,hlambertsoncn4168,0,7|9|15|1|16|4|5|7
Cymbre Watt,cwattqp28093,0,8|6|3|16|9|8|6|8
Sydney Skerme,sskerme4s22344,0,6|12|7|13|1|15|2|8
Mariellen Wornham,mwornham2b28112,0,7|8|15|1|7|2|7|17
Anita Pimblott,apimblotte24225,0,2|5|8|9|16|6|11|7
Tulley Sieghard,tsieghardk79054,0,4|18|1|10|8|6|16|1
Leo Bentje,lbentjeiy1575,0,9|6|14|1|5|11|6|12
Berta Glazer,bglazeras32365,0,8|12|8|2|11|2|10|11
Godart Naptin,gnaptinjm20744,0,13|10|2|7|13|0|6|13
Daryl Worling,dworling8b9492,0,6|9|6|16|3|10|7|7
Clarie Dressel,cdresselob32478,0,1|8|5|15|7|19|2|7
Alexandra Niland,anilanda931005,0,10|0|3|4|5|20|14|8
Orelie MacNulty,omacnulty2f23928,0,0|12|7|12|2|1|18|12
Cymbre Watt,cwattqp7376,0,9|11|6|8|7|6|11|6
Cherilyn Millsap,cmillsap7616753,0,4|7|8|8|13|7|1|16
Lane Royle,lroylelf2848,0,7|12|5|11|16|7|5|1
Loretta Bliss,lblissj57388,0,11|6|0|19|0|2|6|20
Carr Corselles,ccorsellesb12904,0,10|2|9|23|0|9|4|7
Blakelee Waistall,bwaistall9u22436,0,7|12|8|6|8|8|8|7
Buffy Livingston,blivingston2526206,0,12|9|2|6|15|9|7|4
Odele Baulcombe,obaulcombe3s28672,0,14|7|5|1|13|6|8|10
Eleanore Elstub,eelstub7q31799,0,11|5|11|17|8|7|4|1
Licha Antoszewski,lantoszewskic629101,0,14|0|10|8|19|2|11|0
Aksel Golby,agolbyoo11218,0,8|0|6|22|10|8|2|8
Jeanna Drissell,jdrissell8i27693,0,4|9|5|15|0|17|3|11
Viviene Farden,vfardenl020413,0,9|2|13|10|8|3|5|14
Helenelizabeth Jerzykiewicz,hjerzykiewiczds15239,0,13|8|13|17|2|1|4|6
Inigo Basillon,ibasillon2r2017,0,6|5|4|7|8|10|14|10
Ronny Othen,rotheng3514,0,5|5|6|9|12|6|20|1
Martainn Whittles,mwhittleskz28773,0,13|8|3|3|11|18|1|7
Hillery Josilevich,hjosilevich5423842,0,21|5|11|0|0|12|8|7
Abbi Lampett,alampett4j19379,0,10|8|4|2|18|10|7|5
Hesther Bansal,hbansal3430354,0,15|9|14|10|5|3|0|8
Eadie Ubee,eubeeg57563,0,8|7|13|8|7|7|6|8
Liza Reinhart,lreinhartbr32484,0,12|5|0|8|14|16|5|4
Marlo Jirsa,mjirsad715634,0,11|4|4|5|3|12|7|18
Joshia Kitchenman,jkitchenmanoo22822,0,13|2|13|4|8|6|16|2
Alie Boleyn,aboleynkd4097,0,14|11|13|13|1|4|3|5
Russell Stringfellow,rstringfellowm639,0,17|5|9|5|8|8|7|5
Kinny Bunyan,kbunyan7y28914,0,5|0|16|9|26|0|4|4
Nessa Panichelli,npanichelliq525166,0,3|10|11|6|2|2|16|14
Antin D'Agostino,adagostino1218437,0,15|13|8|0|3|12|0|13
Tremaine Hellwich,thellwichfk31820,0,10|2|13|2|4|15|6|12
Tawsha Daddow,tdaddow6113049,0,8|5|13|10|8|5|14|1
Hamish Rickasse,hrickasseez10401,0,2|7|8|13|6|8|15|5
Jazmin Grinov,jgrinovgk27655,0,17|19|1|0|7|7|3|10
Aymer Lovstrom,alovstrom2r20204,0,3|17|4|15|3|7|5|10
Pace Bernardot,pbernardotpo13399,0,0|10|12|12|13|9|0|8
Bekki Oloshkin,boloshkin7915875,0,0|12|3|19|10|9|3|8
Evered Chowne,echowneje28420,0,3|8|8|15|2|7|8|13
Kenna Duval,kduvala416267,0,7|9|13|9|3|5|10|8
Milicent Donohue,mdonohue3728240,0,6|2|13|5|7|8|7|16
Syman MacGow,smacgowdr964,0,8|1|6|16|23|2|3|5
Krissie Cavozzi,kcavozzi3626185,0,6|1|1|4|3|10|15|24
Stefa Alliot,salliotg88250,0,12|18|3|3|2|9|15|2
Silva McKechnie,smckechnielg21649,0,10|4|7|11|10|4|3|15
Shana Westmoreland,swestmorelandln19278,0,7|13|9|0|5|9|15|6
Dee Maydway,dmaydwayck11122,0,0|9|8|21|13|1|11|1
Shelba Yurasov,syurasov5s5068,0,2|3|6|11|13|3|11|15
Tonia Ilchenko,tilchenkop619863,0,7|15|8|11|6|13|0|4
Margery Crohan,mcrohanph21807,0,13|25|6|4|6|2|6|2
Keane Elger,kelgerq327640,0,6|7|1|8|19|7|7|9
Ogdan Quinnette,oquinnetted310068,0,15|11|2|17|14|0|4|1
Corney Micka,cmicka7k8982,0,3|5|7|13|16|10|7|3
Corabella Curthoys,ccurthoysbt23122,0,2|8|11|6|3|21|3|10
Allan Lambrick,alambrick9826753,0,0|5|4|27|9|4|6|9
Nichole Atmore,natmoren313554,0,6|11|12|12|11|6|3|3
Estelle Tellesson,etellesson9t10847,0,4|7|1|17|16|4|8|7
Floris Owen,fowen6u30780,0,2|2|12|7|6|5|17|13
Cassie Videler,cvidelerf826479,0,0|10|1|20|8|17|2|6
Jan Paggitt,jpaggittdd23903,0,20|4|13|6|7|7|0|7
Natasha Collumbine,ncollumbinehb14301,0,13|5|12|3|7|5|6|13
Hieronymus Lutwyche,hlutwychek315630,0,7|16|3|7|3|5|21|2
Colly Lansdowne,clansdownef413946,0,5|22|1|5|8|2|16|5
Gilemette Picott,gpicott7t23064,0,14|6|11|3|4|8|1|17
Nerte Batting,nbatting7v21059,0,2|1|12|6|9|19|7|8
Lorette Pietraszek,lpietraszekea15018,0,30|2|14|2|3|0|5|8
Muire Richfield,mrichfield3q2032,0,8|5|8|5|7|0|9|22
Hayyim MacGaughie,hmacgaughiemm30222,0,10|17|1|0|9|2|25|0
Heda Castellanos,hcastellanosgf18085,0,8|4|12|12|10|8|5|5
Bryn Yarrington,byarrington2a25926,0,11|8|10|13|12|0|4|6
Moira Kiehne,mkiehne4n14496,0,7|0|8|12|4|3|22|8
Phylys Litt,plitt9c9846,0,3|20|12|3|8|2|4|12
Leonerd Wrightam,lwrightamhf8094,0,16|13|13|2|1|6|5|8
De Feather,dfeather7u15650,0,9|13|14|3|2|5|13|5
Kandace Yoskowitz,kyoskowitz5e20836,0,10|9|11|1|14|11|6|2
Kevina Hainsworth,khainsworthn614195,0,7|9|12|17|1|7|9|2
Ninon Swalowe,nswaloweed22529,0,3|6|14|2|19|4|8|8
Andros Baudoux,abaudouxdf25031,0,7|0|6|5|10|23|6|7
Lorinda Frostdicke,lfrostdickefb29180,0,6|1|19|15|0|13|1|9
Karry Shevell,kshevell5524419,0,7|8|15|10|10|5|7|2
Darby Mackro,dmackroet24333,0,8|3|6|7|16|5|14|5
Maddi Algie,malgiemk11969,0,7|1|7|9|15|1|16|8
Harald Woolmer,hwoolmernd5880,0,14|1|16|9|13|3|8|0
Jerrilyn Gealy,jgealyei13934,0,1|21|5|7|7|2|4|17
Chadwick Semerad,csemeradak25973,0,13|0|7|17|7|14|6|0
Nonah Cobbin,ncobbinmg19749,0,11|10|5|5|5|8|14|6
Jeri Colerick,jcolerickkn8085,0,4|17|8|2|1|10|8|14
Tove Queyos,tqueyos8525828,0,5|15|7|1|4|18|6|8
Merry McCready,mmccready1g28849,0,2|8|12|5|13|13|4|7
Shanie Jerdein,sjerdein1h15115,0,13|8|15|2|7|3|8|8
Worden Nelson,wnelson6u21495,0,7|15|5|6|10|4|16|1
Cirillo Monget,cmongeten5959,0,17|8|5|15|16|0|0|3
Wat Ecob,wecob222973,0,3|21|0|2|6|10|16|6
Yehudi Gewer,ygewerg614514,0,12|8|6|20|2|0|15|1
Erastus Castane,ecastanede30752,0,6|14|4|21|6|2|4|7
Donelle Haugen,dhaugend410413,0,7|0|7|17|8|5|6|14
Heddi Gurry,hgurrye013585,0,8|16|17|16|2|4|0|1
Roxine Haythornthwaite,rhaythornthwaite5s7811,0,15|8|16|0|8|5|8|4
Ninon McCome,nmccomebg13248,0,3|5|6|11|9|19|3|8
Damien Bourges,dbourges1c21820,0,22|6|19|2|1|0|7|7
Nikolaos Everard,neverardf84205,0,15|2|5|11|14|7|7|3
Gardener Bernlin,gbernlinhc24077,0,3|16|11|8|11|2|7|6
Marcela Yezafovich,myezafovich7t2646,0,17|10|3|7|14|1|7|5
Kaja Cowlas,kcowlasr28571,0,13|10|6|8|2|13|0|12
Jason Shanks,jshanksmh1848,0,2|7|1|7|25|8|5|9
Emera Pawfoot,epawfootq617560,0,5|16|3|0|0|20|10|10
Rollo Quene,rquene2s29592,0,0|7|0|3|20|13|7|14
Shalne Braidford,sbraidford8v13440,0,1|10|6|13|1|23|1|9
Johan Temblett,jtemblettfn21230,0,8|11|6|13|3|5|13|5
Barney Penhaligon,bpenhaligoncv13567,0,15|3|6|5|0|7|17|11
Ethyl Mindenhall,emindenhalllu10596,0,8|7|21|6|8|1|6|7
Tanhya Clatworthy,tclatworthybl21272,0,8|9|7|6|1|1|15|17
Rosene Lower,rlowerj428424,0,9|5|6|3|8|7|8|18
Vinny Plumb,vplumbed12214,0,10|6|7|3|7|10|14|7
Kelcey Balogh,kbaloghdo2043,0,21|2|15|3|4|6|3|10
Dorthy Fonte,dfonteoq350,0,4|8|16|7|9|2|18|0
Meade Samweyes,msamweyesqb17826,0,1|6|3|8|9|5|24|8
Evey Ledeker,eledekergv7033,0,1|5|14|5|14|4|8|13
Wileen Lokier,wlokier6s20871,0,6|3|2|19|9|5|8|12
Lea Wathan,lwathanaw32637,0,3|16|8|12|7|6|6|6
Olwen Leadbitter,oleadbitterdl17332,0,15|3|2|0|2|17|16|9
Oswald Vannikov,ovannikovln32179,0,8|21|1|9|7|1|15|2
Filia Kenefick,fkenefick8q916,0,6|0|20|0|22|7|1|8
Ollie Higounet,ohigounetlp15187,0,10|5|10|3|1|7|17|11
Pearle Jovovic,pjovovic8431958,0,2|2|18|8|7|12|15|0
Catharine Earp,cearp8k29429,0,15|16|0|10|1|8|6|8
Nigel Almak,nalmak6i9944,0,12|0|3|7|14|13|10|5
Jenny Dailly,jdailly3f732,0,12|12|11|8|1|11|1|8
Cyndie Baudrey,cbaudreymu24329,0,7|12|9|7|3|11|10|5
Ashil Duchateau,aduchateau6x25489,0,7|16|7|15|7|1|9|2
Renae d' Eye,rdkg12429,0,2|6|12|17|2|17|6|2
Lucian Mapson,lmapsonl716803,0,4|18|7|10|14|7|2|2
Ashton Inchcomb,ainchcombj75830,0,10|0|10|21|8|11|1|3
Rurik Grono,rgronofr29093,0,3|1|5|22|13|7|8|5
Inessa Reddle,ireddleq225568,0,1|8|7|17|8|2|12|9
Willa Thirtle,wthirtledw27851,0,8|2|0|7|1|25|13|8
Dorey Goakes,dgoakesp613600,0,4|15|5|2|5|19|7|7
Tine Samter,tsamterld11449,0,9|7|0|15|1|5|27|0
Letta Pritchard,lpritchardrp12895,0,9|4|10|6|12|9|6|8
Morry Longhorne,mlonghorne8015042,0,9|5|11|8|4|19|7|1
Merill Merington,mmeringtonq210076,0,5|7|2|7|19|6|11|7
Tiphani Yurkov,tyurkovhl10339,0,14|3|25|1|4|3|4|10
Henri Cancellieri,hcancellierimo31623,0,12|10|7|7|6|15|6|1
George Russell,grusselle17484,0,12|4|19|9|1|4|10|5
Kahaleel Torrance,ktorrancenm5307,0,11|11|14|13|1|9|3|2
Amos Braitling,abraitling7s13137,0,11|10|14|12|4|4|8|1
Ingram Gager,igager9a13449,0,6|6|7|12|14|11|1|7
Cortie D'Oyly,cdoyly9t3809,0,23|7|1|16|1|0|8|8
Bridie Jorck,bjorck8e19340,0,5|8|5|16|3|22|0|5
Floyd Smorthwaite,fsmorthwaitej021999,0,6|1|12|17|18|2|6|2
Baudoin Keaveney,bkeaveneydo23089,0,13|2|8|11|14|7|3|6
Sephira Boor,sbooroo26235,0,3|8|22|2|3|10|8|8
Goldarina Brunsen,gbrunsen2z14312,0,8|8|0|14|14|14|2|4
Goldarina Brunsen,gbrunsen2z12992,0,13|2|11|4|14|11|4|5
Porter Rance,prancepx25664,0,2|7|4|20|8|5|0|18
Clarette Sapson,csapson6112369,0,6|9|9|4|4|21|6|5
Beaufort Lambarton,blambarton9p3646,0,3|7|14|10|8|5|2|15
Phylys Litt,plitt9c32504,0,7|8|10|22|9|0|0|8
Brynna Steanson,bsteansonqf110,0,2|7|14|24|5|4|0|8
Forrester Ritmeyer,fritmeyerkf5758,0,29|5|1|5|3|0|13|8
Sherwin Nasi,snasift4066,0,3|10|1|2|4|19|18|7
Thurston Kennifeck,tkennifeck4e2099,0,11|1|6|11|7|17|0|11
Merry Dilworth,mdilworthey22944,0,2|20|8|5|7|6|8|8
Ardelia Tummond,atummondcq8426,0,7|5|4|13|2|1|29|3
Haleigh Allibon,hallibonem18710,0,13|17|2|4|7|13|0|8
Nadiya Mickelwright,nmickelwrightce23849,0,1|10|9|11|5|9|0|19
Malachi Letertre,mletertreg812427,0,19|19|1|7|1|14|1|2
Reggy Buick,rbuickgu6407,0,12|2|9|13|8|7|6|7
Avictor Cockland,acockland3122417,0,3|26|19|7|0|3|2|4
Verna Borit,vborit3v16502,0,11|6|2|5|2|17|5|16
Eartha Balcers,ebalcersfk10544,0,2|9|8|11|13|5|5|11
Chucho Gindghill,cgindghillms13576,0,13|13|3|8|8|3|6|10
Cynthea Gorke,cgorkeoy2277,0,21|3|7|7|3|6|12|5
Cynthia Sturley,csturleymm7301,0,11|13|14|3|1|12|5|5
Nolana Larvor,nlarvorhy26168,0,7|6|2|0|8|14|13|14
Nicko Dillicate,ndillicateai2709,0,18|15|1|1|2|7|1|19
Sheri Gorriessen,sgorriessen9r15386,0,17|4|0|8|1|7|3|24
Rhys Murton,rmurtono84658,0,16|12|9|6|0|3|5|13
Lauretta Wight,lwightej25113,0,7|8|8|10|0|3|19|9
Cherey McQuin,cmcquin2y22103,0,10|13|4|19|3|3|7|5
Eunice Masseo,emasseo6t18942,0,11|6|8|5|9|4|3|18
Katherina Bradborne,kbradborne9120337,0,2|8|13|5|2|5|13|16
Far Frudd,ffruddq35,0,7|13|15|0|8|16|0|5
Andras Mulran,amulrani923197,0,3|14|18|0|13|8|4|4
Francyne Plewright,fplewrightj426744,0,0|12|5|14|1|6|11|15
Marleen Gyford,mgyfordpm3172,0,4|11|0|0|17|1|14|17
Casar Huster,chusternj5760,0,4|11|1|5|13|12|12|6
Townie Cook,tcook5811022,0,2|5|11|4|12|12|7|11
Trip Laws,tlaws9p6576,0,8|14|5|1|1|21|6|8
Berky Helis,bhelisas17619,0,7|23|5|0|0|11|7|11
Noelyn Swin,nswinpm26741,0,0|16|0|6|11|10|13|8
Mae Rammell,mrammell915274,0,18|0|13|6|6|13|0|8
Adan Crankshaw,acrankshaw3p23642,0,16|16|3|5|10|4|7|3
Holt D'Andrea,hdandreafx16162,0,6|15|8|17|2|14|1|1
Ailyn Tregien,atregienre8326,0,13|14|8|5|9|8|4|3
Kassia Mayoh,kmayohc16182,0,6|9|15|5|11|9|6|3
Marilin Taaffe,mtaaffe6v5997,0,23|2|12|4|15|0|1|7
Liane De Beauchemp,ldekj29761,0,17|6|0|5|8|3|12|13
Demetri Semper,dsemper5q5129,0,7|5|6|8|1|23|6|8
Tremayne Hoult,thoultkt12379,0,2|1|8|6|11|15|16|5
Bernarr Curnow,bcurnow6m19308,0,13|15|11|0|1|11|8|5
Catharina Sture,cstureeo26159,0,10|0|3|5|15|14|13|4
Peder Tyzack,ptyzackn222732,0,6|9|16|13|2|0|9|9
Benedict Ommundsen,bommundsen6i10939,0,2|6|14|11|4|6|13|8
Leonelle Westover,lwestover4014980,0,7|1|17|3|6|11|12|7
Obadiah Espinal,oespinal1z27091,0,13|4|1|8|0|6|22|10
Roddie Freeberne,rfreeberneak11773,0,7|8|19|3|0|13|12|2
Nap Rennox,nrennox4019251,0,7|9|9|7|5|6|5|16
Phylys Litt,plitt9c3271,0,6|11|9|8|8|8|7|7
Marne Kubala,mkubalax27296,0,6|5|15|12|2|3|15|6
Tiebold Fominov,tfominovjj13328,0,16|0|21|0|2|16|8|1
Lovell Brompton,lbromptonqh21977,0,10|7|16|15|11|1|2|2
Les Dayes,ldayesbc3767,0,2|19|1|7|11|4|10|10
Sammy O'Cullinane,socullinanefk28149,0,8|6|5|20|7|6|5|7
Zarla Moreinu,zmoreinuhm24731,0,6|3|7|21|7|5|5|10
Dominica Maudling,dmaudlinga218172,0,2|5|19|6|1|18|7|6
Dagmar Woodcraft,dwoodcraftih17787,0,13|8|9|1|17|7|6|3
Ingunna Cathersides,icathersides4p7638,0,2|3|8|1|7|7|25|11
Meaghan Freiberg,mfreibergpt22977,0,13|6|2|8|26|3|1|5
Lisbeth Caldaro,lcaldaroez27254,0,0|17|12|12|2|4|6|11
Antony Astbery,aastberyi85338,0,10|19|4|3|1|22|0|5
Sebastian Wolford,swolford504185,0,19|1|16|3|4|18|0|3
Filmer Steinson,fsteinsonp03840,0,2|26|8|8|1|5|8|6
Helenelizabeth Cazalet,hcazaletnl14501,0,6|15|2|17|12|1|0|11
Cam Wrightem,cwrightemba4040,0,7|7|2|8|26|8|0|6
Penelope Matteau,pmatteauh230426,0,16|6|2|8|3|8|13|8
Sonya Bousler,sbouslero13676,0,3|8|7|10|12|15|3|6
Francis McLennan,fmclennanr67830,0,8|7|20|10|2|5|8|4
Yoshiko Fairest,yfairestiv30004,0,13|7|1|0|11|5|16|11
Stephie Bartlomiejczyk,sbartlomiejczyko08424,0,16|12|8|10|2|14|1|1
Margarita Boddy,mboddyo218594,0,2|12|17|8|10|11|0|4
Ivette Lidgett,ilidgett4e13056,0,24|15|6|2|0|5|9|3
Fanni Carnell,fcarnellfh21873,0,17|15|2|8|8|2|5|7
Lacy Aldwinckle,laldwinckleir18781,0,7|13|3|10|4|11|5|11
Verene Ivins,vivinsql22009,0,0|4|2|14|6|10|8|20
Rutter Dymott,rdymott9i9733,0,5|2|5|6|3|18|13|12
Alane Wale,awale1y27357,0,1|0|15|8|12|7|9|12
Pate Conry,pconryn217536,0,10|5|13|8|0|12|7|9
Aleece Graine,agrainek15955,0,8|2|8|9|0|2|21|14
Etta Cromie,ecromie6e28176,0,16|1|13|5|4|10|7|8
Jenilee Gerhts,jgerhts6k9606,0,3|3|0|19|8|6|12|13
Leanna Gubbins,lgubbinsor24124,0,3|5|18|7|5|8|6|12
Marika Grigsby,mgrigsbycf20695,0,5|13|5|3|6|15|12|5
Jobi Brandsma,jbrandsma4815846,0,2|16|4|11|0|16|11|4
Doria Cherrett,dcherrettiv15041,0,0|9|11|12|6|14|4|8
Berget Lotherington,blotheringtonpi14476,0,2|13|14|1|7|15|0|12
Starr Landeg,slandegpx25586,0,18|6|8|1|1|5|5|20
Alaine Gorick,agorickh220071,0,8|1|11|1|5|12|6|20
Carl Othick,cothick4d31307,0,13|0|4|6|4|25|1|11
Benson Float,bfloatl129237,0,14|1|2|4|3|7|23|10
Tyne Rotter,trotterqx26944,0,2|12|4|6|7|6|7|20
Selie Berrick,sberricknk25122,0,30|0|8|13|5|2|3|3
Hasty Laverock,hlaverocknc27521,0,12|3|7|4|8|14|8|8
Scot Linnemann,slinnemann6q32405,0,6|7|12|11|0|0|21|7
Christyna Carwardine,ccarwardinek41721,0,8|18|0|1|2|2|5|28
Sonnnie Espinheira,sespinheiraar29187,0,20|3|7|11|8|2|5|8
Vilma Pountain,vpountainoo11711,0,18|6|7|3|11|9|4|6
Vinita Tetther,vtetthern923088,0,4|3|2|5|16|14|8|12
Silvain Braisted,sbraistedlo30080,0,17|8|5|6|12|1|7|8
Cyndia Rulten,crultenb932485,0,14|13|3|4|17|6|3|4
Alaine Flello,aflellow26150,0,9|0|2|13|4|13|16|7
Oralia Grzelczyk,ogrzelczykn918283,0,0|7|14|7|3|0|19|14
Rudy Lomen,rlomenml316,0,13|14|5|5|2|5|15|5
Zachery Bleythin,zbleythinht32436,0,3|22|13|4|0|6|1|15
Benoit Claypoole,bclaypoolekk14907,0,7|15|7|3|1|5|3|23
Ree Gavaran,rgavaran8521461,0,15|2|4|0|16|13|8|6
Payton Govini,pgovinijj6590,0,13|8|2|10|5|6|5|15
Bank Smidmore,bsmidmoredg18283,0,20|0|14|2|6|8|6|8
Lyndsay Tildesley,ltildesley328715,0,0|18|6|10|7|7|8|8
Camey Gawne,cgawneht23416,0,4|8|11|9|7|14|6|5
Aurelie Leopold,aleopoldff29980,0,14|14|6|3|6|3|10|8
Stephen Penni,spenni1611511,0,1|5|12|15|10|8|0|13
Pate Conry,pconryn224469,0,4|8|20|18|3|2|6|3
Daveta Pond,dpondjv76,0,8|7|0|7|2|8|7|25
Hertha Piper,hpiper2x21520,0,1|26|4|5|12|9|6|1
Pace Kenway,pkenway5z9612,0,5|6|0|14|1|7|5|26
Pippy Grimbaldeston,pgrimbaldestonkd487,0,13|0|18|6|9|8|8|2
Graeme Poacher,gpoacherg432625,0,11|0|13|8|14|5|12|1
Fanchette Kretchmer,fkretchmerma30987,0,4|5|11|8|6|7|6|17
Shaughn Huscroft,shuscroftp125261,0,6|0|4|6|23|2|9|14
Hamish Vivers,hviversro15328,0,12|8|2|2|14|0|17|9
Lawrence Bremond,lbremond917377,0,5|8|21|2|12|12|3|1
Cher Anderbrugge,canderbruggeod3438,0,5|1|13|19|4|14|5|3
Verge Robbins,vrobbins7k22556,0,18|1|0|10|6|14|1|14
Gussi Week,gweekdu7484,0,6|10|25|3|11|2|5|2
Angeli Masters,amastersmi16085,0,16|10|10|8|0|8|8|4
Gerianne Orringe,gorringen429009,0,7|1|15|11|4|10|13|3
Caryl Patinkin,cpatinkin3j32047,0,1|1|23|16|9|7|4|3
Ilsa Blabber,iblabberc425538,0,12|11|9|1|5|8|7|11
Sosanna Glasspoole,sglasspoole3414266,0,16|7|7|0|6|5|7|16
Shelba Pettersen,spettersen920374,0,0|0|12|17|2|16|4|13
Romain Stickens,rstickensoc32527,0,8|27|5|7|4|0|5|8
Kimberlyn Gudahy,kgudahynl14847,0,1|6|11|5|7|16|15|3
Ambur Curling,acurlingin21686,0,7|3|4|3|11|15|16|5
Catlin Longbone,clongboneei9136,0,20|5|12|15|4|3|5|0
Moira Baseggio,mbaseggio1514168,0,16|2|4|20|7|6|0|9
Laurens Iseton,liseton5e24947,0,6|0|14|0|7|10|2|25
Joshuah Ottey,jottey3515126,0,5|2|16|0|8|9|10|14
Quinn Shera,qshera9123706,0,1|12|3|18|2|13|5|10
Avis Tisor,atisored4547,0,13|0|14|4|3|6|18|6
Bourke Batson,bbatson6i16492,0,5|10|8|10|2|5|14|10
Prudi Cabera,pcabera8n11251,0,13|5|8|0|7|12|4|15
Yolanda Londesborough,ylondesborough7h20321,0,4|8|3|23|5|11|1|9
Thorsten Potier,tpotiero510485,0,8|13|7|4|8|7|7|10
Umberto Chataignier,uchataigniernz21376,0,2|0|17|8|5|5|10|17
Roanna Scrowston,rscrowstongz2523,0,13|10|9|4|2|1|12|13
Kipp Hixley,khixley7b30186,0,7|1|3|8|23|2|16|4
Tucker Decourcy,tdecourcyg72306,0,1|12|6|12|10|1|4|18
Raddy Bertolaccini,rbertolaccinijw30709,0,8|6|7|17|6|7|8|5
Lauren Thormann,lthormanni428074,0,7|10|14|4|3|8|5|13
Raphael Slot,rslota926940,0,4|13|5|10|0|24|0|8
Octavius Hazell,ohazell6a8657,0,6|3|5|9|1|7|6|27
Wallie Manzell,wmanzelloj4544,0,8|0|0|2|20|1|17|16
Durward Milburn,dmilburno930368,0,5|5|2|15|21|7|1|8
Elga Sandeman,esandemanf612551,0,15|17|0|8|7|2|3|12
Antonino Brett,abrette321898,0,8|16|5|0|12|10|8|5
Brunhilda Allsworth,ballsworth7t22931,0,1|1|15|6|1|17|15|8
Sherie Clohisey,sclohiseyje3836,0,13|7|16|5|0|1|18|4
Fanechka Preuvost,fpreuvostly6555,0,15|6|1|7|6|21|7|1
Robinett Gamlen,rgamlenny28947,0,6|8|6|7|10|19|7|1
Ruthie Bulcroft,rbulcroft4g7013,0,0|13|13|30|2|4|1|1
Antonin Allender,aallenderji635,0,1|16|4|9|15|9|3|7
Cinda Meadley,cmeadley4b12267,0,13|1|11|5|6|8|1|19
Idelle Goakes,igoakes1o3081,0,18|12|5|0|0|7|10|12
Roze Freke,rfrekeej24163,0,17|2|7|5|6|0|12|15
Trevar Coultas,tcoultaspy18771,0,1|28|3|2|3|6|20|1
Othello Denne,odennepn31474,0,3|0|8|18|10|15|2|8
Benjamin Macbane,bmacbane5123126,0,5|13|7|5|19|10|4|1
Tanny Croucher,tcrouchere312322,0,5|8|8|0|6|4|13|20
Alexandros Farmar,afarmarex16469,0,2|23|12|2|5|9|9|2
Caryn Hamlin,chamlin9024187,0,7|14|12|0|1|2|25|3
Raleigh Heale,rhealeee7855,0,7|3|12|14|8|6|10|4
Faustine Fake,ffake1w7479,0,9|14|6|3|14|4|11|3
Bary Scane,bscanea616371,0,18|6|17|0|2|1|0|20
Aeriel Keepence,akeepence1z22167,0,10|6|8|3|0|4|14|19
Genia Schapiro,gschapirobt11461,0,11|8|2|3|10|14|4|12
Meier Badrick,mbadrickp016971,0,8|2|8|11|3|7|5|20
Anna Biddulph,abiddulph7l29409,0,12|8|18|0|1|5|15|5
Philbert Eayrs,peayrsc916047,0,1|17|0|7|7|19|5|8
Winonah Beaford,wbeafordky16034,0,15|15|4|8|1|2|12|7
Abby Rout,aroutg032383,0,15|6|1|2|0|5|24|11
Melesa Tarry,mtarryb72880,0,6|18|9|6|8|4|6|7
Holly Medford,hmedfordkk13920,0,15|1|13|14|13|0|4|4
Trumann Dunwoody,tdunwoodybo8466,0,6|8|4|14|10|4|17|1
Sile Forseith,sforseithjr2445,0,8|8|12|6|15|0|14|1
Rainer Ruddiforth,rruddiforthm013173,0,6|2|6|18|1|8|12|11
Shelby McArthur,smcarthur8n16925,0,8|5|7|2|8|11|8|15
Vick Flack,vflacklt983,0,7|2|5|2|2|25|16|5
Avrom Arr,aarrhx29290,0,3|11|7|12|7|0|15|9
Goldarina Deverson,gdeverson4a7286,0,9|2|8|17|6|2|10|10
Frankie Cottingham,fcottingham2w6466,0,16|18|7|8|2|1|11|1
Chantal Maryott,cmaryottkp16078,0,15|8|2|17|9|8|5|0
Neal Hatterslay,nhatterslayku23212,0,5|6|0|13|7|7|1|25
Ruperto Rintoul,rrintould422347,0,13|12|5|7|2|2|13|10
Idell Ruskin,iruskinil23683,0,15|2|7|1|17|8|5|9
Tom Beardsell,tbeardsell3326517,0,20|0|9|1|5|2|24|3
Maren Matityahu,mmatityahu6j21097,0,6|5|4|23|0|16|9|1
Korrie Licciardiello,klicciardiellol23522,0,10|8|11|5|10|13|5|2
Scarlet Brede,sbredeqf27788,0,7|7|16|11|2|1|16|4
Maddie Scotfurth,mscotfurth1x12216,0,4|14|8|3|10|11|7|7
Julia McRobb,jmcrobbj611947,0,17|0|7|1|5|14|10|10
Stern Kuhlen,skuhlenph31146,0,6|2|5|7|6|5|17|16
Isiahi Douse,idousepg9953,0,5|6|0|6|2|14|23|8
Annabell Bensusan,abensusan101554,0,3|8|13|1|8|8|16|7
Diane-marie Dempsey,ddempseydf10767,0,15|13|5|1|8|13|7|2
Ermentrude Edwins,eedwins7913631,0,5|4|19|3|13|10|4|6
Lorant Martinetto,lmartinetto7b23356,0,13|15|2|1|3|0|16|14
Bondie Fishleigh,bfishleighrj23619,0,4|15|16|9|2|3|9|6
Adorne Flanaghan,aflanaghanfz27322,0,18|3|7|6|12|8|4|6
Dasi Stallan,dstallandk1696,0,1|8|4|3|2|11|25|10
Ramsey Footitt,rfootitth418381,0,1|5|6|11|3|9|12|17
Lee Androli,landrolikq20237,0,7|0|14|14|18|0|9|2
Millie Southard,msouthardkp18702,0,7|4|0|9|0|12|11|21
Orran Boutwell,oboutwell7231003,0,3|13|5|13|10|0|13|7
Wiley Yockney,wyockneykr29159,0,7|2|13|7|4|10|18|3
Filberte Ruggiero,fruggiero5v32517,0,1|6|5|15|16|5|5|11
Kelsi Kendell,kkendellcq1021,0,2|14|0|4|7|7|13|17
Diena Cronk,dcronk425612,0,21|24|0|5|4|6|0|4
Fraze Fermin,ffermin5z4941,0,5|3|7|18|6|7|14|4
Lucille Epsly,lepsly793789,0,12|10|8|22|4|1|0|7
Dora MacAlaster,dmacalasterpk15263,0,13|1|13|2|14|2|18|1
Joycelin Lapre,jlapre6311405,0,14|11|1|8|0|9|8|13
Eydie Girdwood,egirdwood3h18438,0,2|20|6|1|15|6|9|5
Loleta Hayward,lhaywardgs9471,0,23|7|6|6|6|5|11|0
Rora Vedeneev,rvedeneevk314757,0,8|0|10|7|8|24|6|1
Katina Nutkin,knutkinl012492,0,14|9|4|10|21|4|2|0
Parker Spaven,pspavenol28587,0,7|12|14|7|10|0|5|9
Harvey Dunrige,hdunriget31530,0,8|6|3|22|5|2|10|8
Giavani Salkeld,gsalkeldmp14447,0,4|14|1|10|12|7|7|9
Lauri Deveraux,ldeverauxj726518,0,5|3|3|11|5|3|20|14
Bank Smidmore,bsmidmoredg8686,0,0|12|5|6|11|14|14|2
Maxy Sewley,msewleyrd11275,0,3|6|10|11|5|1|13|15
Liam Sheach,lsheachad5168,0,7|13|19|7|3|1|13|1
Vachel Sproston,vsproston3822759,0,4|4|31|5|3|8|6|3
Trudie Hallums,thallums252179,0,7|11|5|29|5|0|5|2
Tobiah Stark,tstark3i27720,0,13|1|4|12|15|8|8|3
Wilhelmina Skurray,wskurray2t10322,0,5|21|1|1|7|22|7|0
Boonie Evert,bevertla8379,0,4|7|4|5|10|4|12|18
Ignazio Hiscoke,ihiscokerj31367,0,0|7|3|6|18|13|15|2
Carolyne Lippini,clippini6t11418,0,9|6|0|21|8|10|2|8
Natala O'Nolan,nonolanqk14207,0,25|0|1|7|9|13|3|6
Kissie Fink,kfink4t119,0,20|2|9|0|11|8|7|7
Carlin Etherton,cetherton2v6320,0,8|5|1|4|15|22|1|8
Thorsten Hubbins,thubbins5j8947,0,23|5|9|4|7|1|11|4
Patrice Farrants,pfarrantsij6528,0,6|8|8|8|6|9|14|5
Jamison Ilyenko,jilyenkopu24677,0,9|5|22|12|4|4|8|0
Clifford Faull,cfaull7q22214,0,11|9|2|12|3|10|12|5
Gerrie Childerley,gchilderleyqd9423,0,13|6|5|17|4|3|5|11
Winnah Briggs,wbriggskt5661,0,8|13|3|7|14|5|13|1
Obediah Yacob,oyacob9w5465,0,9|7|16|14|6|1|8|3
Basil Wynett,bwynettlp23927,0,13|2|2|8|8|12|13|6
Erinn Fowls,efowls8b4440,0,11|12|12|4|5|9|6|5
Anet Costelloe,acostelloeky15732,0,3|10|6|12|6|16|7|4
Radcliffe Morl,rmorlkf21544,0,0|6|15|7|0|12|8|16
Fern Hackly,fhackly3u13002,0,5|3|3|7|11|20|8|7
Ernestine Kollas,ekollas646590,0,5|16|8|4|8|5|3|15
Thaddus Lapidus,tlapidusf05516,0,5|10|11|6|0|13|11|8
Sophie March,smarch17167,0,1|3|12|0|15|10|18|5
Garrard Rabbage,grabbagen12401,0,7|3|7|1|15|5|8|18
Sheffy Reuven,sreuvenbv21012,0,15|8|6|6|7|13|3|6
Alberta Ronaghan,aronaghane031079,0,12|14|4|3|3|7|13|8
Hazel Ebbles,hebblesr912492,0,4|2|4|6|11|8|9|20
Dwain Christley,dchristley5h16965,0,4|6|3|21|11|6|5|8
Boonie Cawse,bcawse6b7831,0,8|3|7|11|2|13|20|0
Daffie Donaghie,ddonaghieqa10324,0,22|6|7|6|6|6|0|11
Buckie Purcer,bpurcerfd23111,0,2|7|4|14|13|2|21|1
Lynde Gooderick,lgooderick7w8078,0,2|12|0|24|2|5|4|15
Juli Boanas,jboanasm731527,0,5|5|18|6|10|10|4|6
Dorisa Dillway,ddillwayea18915,0,5|14|13|6|3|8|11|4
Stevie Maundrell,smaundrell148611,0,0|15|1|10|3|8|16|11
Allan Lambrick,alambrick9812491,0,3|7|0|7|1|26|10|10
Cory Bounds,cboundsli1532,0,16|4|8|13|5|6|6|6
Theresita Cholwell,tcholwellof24980,0,9|2|6|17|7|15|0|8
Braden Gerant,bgerantih18974,0,13|11|8|6|6|2|14|4
Major Debney,mdebneykt19705,0,20|2|6|9|9|1|10|7
Dulci Billiard,dbilliard3u9695,0,25|6|3|11|0|3|8|8
Bernardine Woltman,bwoltman513272,0,5|11|7|5|7|13|10|6
Rustie Fancett,rfancetteq30715,0,2|16|0|6|6|7|14|13
Hedi Asher,hasherb215887,0,8|14|5|12|8|6|11|0
Vito Klos,vklos6r11969,0,5|10|8|17|1|1|17|5
Jerrie Weippert,jweippertcl7389,0,0|1|0|7|8|16|25|7
Kenyon Kedie,kkediefx25195,0,0|10|9|14|11|5|9|6
Helen-elizabeth Kinchlea,hkinchlearg1169,0,13|7|7|1|7|4|23|2
Kellby Dayer,kdayerii18941,0,4|9|4|21|15|0|2|9
Merwin Cossem,mcossemrb14778,0,10|8|6|6|14|11|2|7
Raynor Baythrop,rbaythropgf10023,0,5|4|7|4|12|7|25|0
Karlen Kitchener,kkitchener6530972,0,10|10|6|13|5|2|8|10
Nealy Gorry,ngorrym5879,0,7|9|15|0|16|2|3|12
Marcella Dowsey,mdowseyb016435,0,2|0|8|7|15|12|12|8
Winston Salmond,wsalmond1325044,0,7|5|10|16|7|8|1|10
Victoria Pidgen,vpidgen8x9840,0,0|13|6|12|6|3|0|24
Cyndi Durtnel,cdurtnelrd352,0,17|10|7|6|14|2|6|2
Axel Crellim,acrellim9f29358,0,4|6|6|1|30|4|13|0
Amalia Millwater,amillwater2u24733,0,14|4|2|3|5|6|26|4
Arleyne Badgers,abadgersre3734,0,21|1|13|2|0|12|15|0
Ardra Shapcott,ashapcottht13321,0,21|22|1|1|11|2|3|3
Goober Yakushkin,gyakushkinq316970,0,9|1|2|7|8|13|24|0
Hayward Phonix,hphonixd16146,0,13|5|1|2|6|4|4|29
Yorke Grabiec,ygrabiecc132748,0,4|2|6|18|0|1|32|1
Sherline Bortolazzi,sbortolazzigj7046,0,23|5|15|12|4|2|1|2
Chery Lenthall,clenthallbz26740,0,7|5|3|10|8|1|14|16
Janeczka Geraldini,jgeraldinijr21643,0,2|3|5|6|8|17|10|13
Bowie Trowle,btrowlecg6914,0,8|18|7|8|6|8|8|1
Ulrica Hambright,uhambrightlt3698,0,6|4|5|8|8|6|12|15
Zulema Odam,zodam4d691,0,4|14|13|5|15|3|1|9
Ernst Blade,eblade2313797,0,1|5|1|16|7|2|19|13
Alexis Landor,alandorc328493,0,5|5|17|6|5|8|6|12
Blake Hadenton,bhadentonlx31557,0,5|2|16|11|12|4|8|6
Jabez Dessent,jdessenta54602,0,6|10|8|10|4|7|3|16
Odetta Rotchell,orotchell4q20574,0,16|8|11|2|8|6|9|4
Arabele Villa,avilla7b32699,0,6|9|8|1|7|23|1|9
Sanson Hurnell,shurnelldk18839,0,3|5|12|10|0|16|11|7
Bobette Walbrook,bwalbrook2n1984,0,7|18|0|12|11|8|3|5
Syd Kirby,skirbya71781,0,2|7|11|25|3|6|4|6
Shannon Cruddace,scruddace5i4349,0,9|8|6|7|16|6|8|4
Francesco Happert,fhapperten9304,0,9|1|13|11|5|16|7|2
Win Peebles,wpeeblescg3160,0,0|13|24|5|6|1|13|2
Casandra MacVanamy,cmacvanamy4q32260,0,0|14|7|6|6|15|13|3
Leta Eallis,leallis6d32567,0,14|2|1|10|0|17|8|12
Rebekah Glaze,rglazerf24006,0,4|2|7|13|15|7|8|8
Carly Fenty,cfenty1513485,0,16|6|7|8|10|6|3|8
Goober Yakushkin,gyakushkinq39453,0,25|3|7|4|4|7|10|4
Elvis Cornelis,ecornelis1e17714,0,7|8|3|14|6|6|4|16
Bendix Smurthwaite,bsmurthwaitecy19392,0,11|3|7|6|15|9|8|5
Wanda Zwicker,wzwickero310350,0,6|26|7|9|2|0|13|1
Kessiah Ferrieri,kferrieri9d22083,0,8|1|10|11|9|2|19|4
Wells Tootin,wtootin5015261,0,19|7|8|6|7|4|0|13
Bettye Toone,btoone6e32049,0,10|1|14|3|1|10|0|25
Shaine Bussons,sbussonsmz10853,0,2|14|4|15|8|7|6|8
Pietra Screen,pscreenjl31422,0,18|18|1|5|14|2|5|1
Grannie Rizzelli,grizzelli7x20668,0,1|12|0|25|7|6|7|6
Merry Dilworth,mdilworthey10787,0,0|28|10|10|8|0|4|4
Dinah Cattrall,dcattrallck1661,0,16|2|9|6|13|5|5|8
Thorpe Lecount,tlecountld20771,0,7|6|16|9|13|4|6|3
Elka Bruford,ebrufordip15817,0,12|3|6|13|11|6|5|8
Nina Keene,nkeenefd4399,0,12|8|8|4|7|13|6|6
Catlaina Coneau,cconeau3226424,0,3|14|12|6|6|1|6|16
Yehudit Falks,yfalksq031975,0,0|13|12|5|8|2|18|6
Bertina Kelley,bkelley3g25666,0,2|12|6|8|5|3|9|19
Carlos Leggat,cleggatcv28515,0,14|0|12|2|5|0|19|12
Ambrose Boyle,aboyleei2562,0,0|3|1|12|9|18|0|21
Paco MacCoughen,pmaccoughenqk4766,0,8|0|23|4|20|1|1|7
Constancy Scottrell,cscottrelldw14707,0,6|4|11|0|7|34|2|0
L;urette Twallin,ltwallinkb5526,0,5|4|8|13|3|13|17|1
Hildagarde Francioli,hfranciolied21647,0,11|14|5|4|2|14|7|7
Erick Tourner,etourneril2745,0,16|0|13|3|3|8|3|18
Obie Bratley,obratleyf03533,0,4|12|19|15|0|10|3|1
Bartholomeo Ebbage,bebbagedu6340,0,7|2|10|9|21|7|1|7
Lucretia Chezier,lchezierrj2344,0,0|7|6|8|6|8|22|7
Ricki Crust,rcrust762269,0,3|4|9|8|6|19|5|10
Roarke Raiker,rraikermu23852,0,1|32|6|1|8|7|0|9
Farlee Lorenzo,florenzo351690,0,10|17|8|4|9|2|4|10
Rory Grey,rgrey9q17427,0,8|16|0|1|3|29|6|1
Abby Wane,awanefi450,0,4|1|24|14|4|0|11|6
Claude Wavell,cwavell1x24647,0,8|8|9|4|8|4|8|15
Claus Eckly,ceckly2523870,0,1|20|2|7|14|0|6|14
Terry Cleyburn,tcleyburnlx12435,0,12|19|7|16|2|0|7|1
Griffie Chuter,gchuter3x31595,0,4|5|14|3|6|15|16|1
Owen Chart,ochart9u31907,0,7|9|13|4|7|4|8|12
Natalie Whooley,nwhooleyoa20532,0,4|11|18|6|4|10|5|6
Tomkin McIlvaney,tmcilvaneyhn18860,0,21|2|15|0|5|0|6|15
Tammie Vosse,tvossej428023,0,5|8|0|5|6|8|13|19
Frank Fass,ffassd614041,0,2|5|13|12|15|9|5|3
Ninnetta Erickssen,nerickssene014519,0,6|16|9|9|7|4|5|8
Stearn Birtwhistle,sbirtwhistlen719249,0,5|14|7|14|6|0|5|13
Celesta Folkes,cfolkes8f19405,0,8|9|19|5|12|6|0|5
Donn Ruppelin,druppelin4725446,0,14|5|11|0|11|15|6|2
Winna Staten,wstatenia13408,0,16|5|8|12|1|3|8|11
Stephen Penni,spenni1620005,0,20|6|3|3|9|14|7|2
Pooh Gulliver,pgulliver175927,0,5|5|18|16|5|8|7|0
Kurtis Preston,kprestongu12050,0,14|10|0|3|16|6|2|13
Maxwell Huntar,mhuntar7n3746,0,11|1|9|22|8|5|0|8
Trever Rosenthaler,trosenthalermc15034,0,14|6|7|14|3|4|5|11
Lou Caulliere,lcaulliere4o21626,0,14|2|16|14|2|11|0|5
Kelsy Diloway,kdilowaypj14277,0,7|10|2|6|7|5|9|18
Sullivan Bagshaw,sbagshaw6630323,0,2|8|4|7|16|2|6|19
Jess Clutton,jcluttonkl15759,0,15|14|1|10|6|4|8|6
Ingmar Bourtoumieux,ibourtoumieuxmb17555,0,10|18|6|8|0|9|1|12
Kevyn Marklew,kmarklewpr13202,0,3|10|2|15|17|3|2|12
Remington Uvedale,ruvedaleq423028,0,1|13|8|13|3|11|2|13
Hebert Kleinzweig,hkleinzweig6925543,0,14|12|0|0|18|10|8|2
Silvester Dmitrienko,sdmitrienko52112,0,7|7|8|13|8|8|5|8
Dulcine Cucinotta,dcucinottam49544,0,16|17|1|8|4|8|2|8
Ezmeralda Hawsby,ehawsbye013526,0,17|7|4|16|3|8|3|6
Wenda Abarough,wabaroughji4794,0,14|12|2|2|5|10|7|12
Sanders Elwyn,selwynl57345,0,11|5|17|4|12|1|3|11
Maryellen Noe,mnoe319718,0,6|5|10|5|5|2|8|23
Maia Barnsdale,mbarnsdale3125595,0,6|3|12|13|8|8|6|8
Milli Aspin,maspinqa16911,0,12|2|24|3|6|14|2|1
Kirbie Glassford,kglassfordd52079,0,7|7|2|4|24|8|2|10
Jean Slorach,jslorachgn6169,0,11|0|25|13|4|2|3|6
Kenneth Clitherow,kclitherow2621298,0,0|23|7|9|4|13|6|2
Ara Fripps,afrippspo6025,0,21|3|13|7|1|10|8|1
Siobhan Wicklen,swicklen7k8100,0,18|0|5|5|7|8|8|13
Letisha Figin,lfigin7t8648,0,8|9|6|2|0|5|21|13
Kakalina Dobbs,kdobbs163432,0,5|8|3|10|4|10|3|21
Ericha Pionter,epionterme17565,0,19|5|1|8|0|8|23|0
Karla Lewer,klewer4r16088,0,8|6|13|13|0|0|9|15
Gillie Riden,griden7c4519,0,8|6|10|13|3|14|2|8
Rica Yushmanov,ryushmanov6z31842,0,7|10|6|12|17|2|9|1
Crystal Carrol,ccarrol5j3660,0,10|6|0|9|19|1|15|4
Nial Moogan,nmooganp110030,0,14|1|11|10|1|8|13|6
Ellwood Lightollers,elightollers9a32149,0,13|3|14|9|5|5|0|15
Kit Battram,kbattram4h22350,0,5|6|8|0|13|18|13|1
Aloysia Katte,akatte7819434,0,14|8|19|3|2|4|8|6
Brunhilde Walby,bwalbyv10998,0,0|10|12|22|8|4|4|4
Sholom Cosgry,scosgrypi24006,0,16|4|20|7|4|8|4|1
Ulrich Schanke,uschanke6z18533,0,3|24|18|2|7|3|1|6
Sheila Nesbitt,snesbittba11134,0,0|7|19|5|2|11|13|7
Joelie Gonsalvez,jgonsalvezit253,0,6|9|8|6|1|2|25|7
Keslie Mc Gaughey,kmcio10111,0,9|9|1|10|11|16|3|5
Meryl Emig,memiggr23092,0,4|10|8|14|7|4|8|9
Mathew Burnsides,mburnsides9l30662,0,6|8|18|16|0|10|4|2
Delmer Dedham,ddedhamdw10489,0,8|10|5|5|22|2|5|7
Berkley De Biaggi,bdebe13661,0,11|0|30|9|1|5|8|0
Karon Tuck,ktuckbg12606,0,18|2|2|5|23|0|2|12
Catherin McInteer,cmcinteerhj8330,0,6|1|12|6|5|17|8|9
Chic McClancy,cmcclancy4018732,0,1|15|2|5|11|13|4|13
Ambrosio Gilbart,agilbartnm5057,0,10|7|7|1|9|6|18|6
Zuzana Faichney,zfaichneyck7355,0,14|8|8|0|12|12|5|5
Vincenz Jacobsen,vjacobsenlr630,0,11|4|11|12|6|11|2|7
Roxana Caisley,rcaisleyfk6986,0,1|1|9|3|7|18|14|11
Hermina Borthram,hborthraman9198,0,9|14|6|2|6|6|6|15
Sheela Youdell,syoudelld39742,0,17|5|1|3|1|0|31|6
Teddy Tillman,ttillman3x11103,0,2|4|2|4|13|9|16|14
Levon Gouck,lgouck8a13082,0,23|0|14|3|7|1|11|5
Jeromy Domange,jdomangepe11411,0,16|20|8|3|8|4|3|2
Tome Olliar,tolliar386907,0,13|1|13|2|2|8|11|14
Glori Alison,galisonku13899,0,2|17|15|4|9|8|4|5
Tabbie Gosselin,tgosselin1619189,0,11|8|7|12|8|9|0|9
Lauralee Tegeller,ltegellercn32509,0,24|3|9|4|1|8|8|7
Keane Elger,kelgerq330336,0,12|7|20|1|0|10|7|7
Doroteya Tacon,dtaconos26590,0,11|9|7|5|6|14|7|5
Chris Becket,cbecket516739,0,6|14|21|9|4|0|5|5
Silvanus Smetoun,ssmetounhh17112,0,14|12|8|0|4|8|11|7
Leslie Summerell,lsummerellft17129,0,3|6|2|15|7|2|25|4
Nada Le - Count,nler45869,0,26|2|10|1|7|5|1|12
Dunn Readshaw,dreadshawh813490,0,2|7|27|7|0|1|7|13
Maggy Mannion,mmannionlf10123,0,1|11|3|6|6|3|11|23
Blair Barukh,bbarukhrh1620,0,15|4|3|16|1|7|10|8
Christophorus Stammirs,cstammirsmp1329,0,11|9|15|8|10|5|6|0
Kelly Dunk,kdunk2213474,0,20|1|16|8|6|0|8|5
Rozanne Diehn,rdiehnm910808,0,3|2|10|0|3|15|9|22
Hayyim Pullman,hpullman1v6723,0,3|5|6|15|17|5|9|4
Concordia Stainton,cstaintonj062,0,17|3|6|3|4|1|8|22
Marcie Bernolet,mbernoletla1221,0,11|4|15|5|6|8|6|9
Gennie Playdon,gplaydon7x19427,0,6|10|15|3|9|1|15|5
West Ghost,wghost822360,0,7|6|5|1|0|21|18|6
Berky Dyer,bdyer3u29887,0,0|8|3|12|13|7|17|4
Carmelina Kasting,ckasting9w30422,0,0|5|0|16|5|15|4|19
Moritz Vassman,mvassmankh28808,0,6|12|6|9|16|12|3|0
Pattie Ramsby,pramsbyda20458,0,2|5|17|8|3|22|0|7
Marika Grigsby,mgrigsbycf835,0,0|12|13|6|22|0|6|5
Lee Conkay,lconkay2f15725,0,6|4|15|2|13|4|3|17
Diahann Bellhouse,dbellhouseeb14070,0,16|0|6|6|9|0|14|13
Billy Sphinxe,bsphinxenh32463,0,8|5|8|6|5|22|0|10
Kelsy Diloway,kdilowaypj9992,0,8|8|2|6|17|7|12|4
Virgina Dunderdale,vdunderdalehs24617,0,11|6|10|11|3|4|15|4
Michel Sayle,msayle7k32276,0,5|7|8|12|9|2|8|13
Wenona Ninnotti,wninnottijh17163,0,3|4|11|2|3|9|16|16
Seth Fardon,sfardon857091,0,22|6|10|4|8|6|8|0
Leandra Foot,lfootq011986,0,15|13|2|6|15|5|1|7
Delcina Olner,dolnerjq22293,0,9|17|5|6|11|6|0|10
Sarene Swanson,sswansongm409,0,2|12|13|10|2|7|13|5
Sergei Tredgold,stredgold8z29268,0,10|11|12|9|7|7|5|3
Jemmie Ivain,jivainq911205,0,8|16|7|7|7|8|3|8
Bernette Maylour,bmaylourgr9009,0,8|8|7|10|2|12|7|10
Stillman Wilson,swilsonkt32522,0,13|9|11|10|4|10|3|4
Harlen Boffin,hboffinos11875,0,6|8|0|11|9|14|1|15
Gaye Roper,gropercu26849,0,0|8|2|12|6|28|7|1
Merrielle Izaks,mizaksf328972,0,2|1|4|8|2|17|17|13
Gennie Branford,gbranfordd511743,0,7|4|12|10|6|4|13|8
Fulvia Huddleston,fhuddlestondt24430,0,6|0|0|1|16|3|1|37
Kerwinn Gwyer,kgwyerbb6436,0,11|7|1|25|8|5|6|1
Elsbeth Thurman,ethurman3y12260,0,2|2|14|7|8|9|9|13
Mariam Smittoune,msmittounecd2251,0,8|8|2|7|7|24|2|6
Axe Bacop,abacoplg13791,0,5|5|3|8|4|14|9|16
Patrice Littley,plittleyq817676,0,22|5|9|12|5|4|0|7
Janetta Scamwell,jscamwellrh21977,0,1|11|20|2|8|8|9|5
Dorette Haskey,dhaskeyld13491,0,14|26|1|4|11|1|0|7
Lorrie Wiffler,lwiffler7331174,0,10|3|0|1|15|7|23|5
Bordie Povall,bpovallrl21239,0,6|11|7|13|7|3|0|17
Evonne Husbands,ehusbandsp810158,0,0|8|6|8|21|5|14|2
Blake Huriche,bhurichepf14135,0,7|10|11|5|2|12|12|5
Collette Poulsen,cpoulsenb813114,0,8|5|6|5|18|3|16|3
Chadwick Sargeant,csargeantcn18679,0,12|0|15|8|12|8|1|8
Jarrad Hardington,jhardington2y30343,0,8|8|8|4|8|23|4|1
Jeanna Drissell,jdrissell8i7774,0,10|2|6|13|9|3|12|9
Florian Finnick,ffinnickij25128,0,7|8|6|3|9|23|8|0
Jed Wrixon,jwrixonk816690,0,7|0|9|13|11|2|15|7
Janis Oran,joran4u27246,0,7|15|14|8|2|6|10|2
Crissie Haly,chaly6l4994,0,7|11|6|12|6|12|8|2
Bronson Cooling,bcoolingg226163,0,6|8|4|10|15|12|1|8
Alicia Wiggall,awiggallc924300,0,6|6|3|20|14|1|13|1
Husain Penkman,hpenkman3x27474,0,21|12|1|8|2|1|5|14
Anselma Hinckes,ahinckesav32095,0,11|5|17|4|4|5|11|7
Sharleen Tonsley,stonsley2r967,0,17|8|3|3|12|12|2|7
Hynda Lamberto,hlambertojf13538,0,7|14|3|12|1|11|8|8
Kimberlyn Gudahy,kgudahynl12927,0,11|10|9|7|6|15|5|1
Carleton Borris,cborrisd627990,0,16|18|14|3|2|8|0|3
Micky How to preserve,mhow534479,0,3|3|18|8|9|9|10|4
Babette Gartin,bgartin6v31983,0,16|13|5|0|10|10|4|6
Nick Arnault,narnaultj612061,0,6|6|6|8|6|7|16|9
Leodora Lishmund,llishmundnx17274,0,0|4|15|7|5|7|15|11
Leland Alti,lalti958412,0,5|4|3|11|6|24|6|5
Hall Geindre,hgeindrey6221,0,16|1|5|8|5|19|6|4
Mella McNeilley,mmcneilleydq10671,0,11|5|9|1|17|10|3|8
Sacha Windaybank,swindaybank8217835,0,10|2|13|10|6|1|6|16
Beilul Hardin,bhardin5c4935,0,7|11|6|16|10|7|1|6
Griswold Keysel,gkeysel449598,0,13|19|3|1|9|14|1|4
Gaye Roper,gropercu31336,0,3|5|7|5|6|25|8|5
Jill Brettel,jbrettel5y21247,0,0|7|11|15|11|12|3|5
Silvia Wadhams,swadhams1313546,0,4|12|11|16|4|10|2|5
Merry Wain,mwain9w17156,0,11|0|3|11|5|9|8|17
Angel Kynnd,akynndik2674,0,2|5|7|4|10|8|7|21
Jay Cokly,jcoklynw5582,0,12|2|2|11|8|16|11|2
Robinet Gladyer,rgladyerf731894,0,16|11|12|7|1|4|10|3
Kay Cornilleau,kcornilleauhb5506,0,19|5|0|12|3|5|12|8
Amalia Millwater,amillwater2u7711,0,12|3|8|22|2|2|11|4
Jillayne Fallow,jfallowgr28195,0,5|20|8|1|10|10|4|6
Xymenes Baudains,xbaudainsp96287,0,8|5|8|16|15|4|1|7
Hobie Frowing,hfrowing4l16541,0,9|3|13|8|6|12|12|1
Hunt Francom,hfrancomln32144,0,13|9|3|3|3|7|10|16
Tomlin Martyns,tmartyns4k31968,0,7|0|22|8|12|0|7|8
Charil Boler,cbolerre10086,0,5|1|13|10|2|1|5|27
Lorita Sidnell,lsidnell6p26974,0,13|12|6|1|9|9|6|8
Frannie Thurner,fthurner4d14555,0,10|15|6|5|8|8|6|6
Roddie Kikke,rkikke3t19403,0,3|8|11|7|14|12|6|3
Sibeal Capron,scapronc81706,0,8|20|4|5|6|11|2|8
Carilyn Gallie,cgallie6s1040,0,12|6|1|20|5|4|12|4
Catherina Bearne,cbearneqo387,0,10|11|12|6|4|6|4|11
Hanson Aiskovitch,haiskovitch7c30642,0,13|15|3|8|13|9|1|2
Sigvard Cawthorne,scawthorne6914084,0,0|14|5|7|10|15|10|3
Cristiano McKeon,cmckeon1n4536,0,8|10|2|4|5|8|9|18
Bonnibelle Rooze,broozeo731402,0,22|2|1|5|6|13|9|6
Drucy Campkin,dcampking21256,0,9|15|3|15|16|0|4|2
Bradley Walstow,bwalstow4v6999,0,18|3|18|2|15|1|1|6
Padraig Keyte,pkeyteql4479,0,2|4|7|24|10|10|1|6
Nelia Nockells,nnockells421310,0,10|11|1|4|1|10|16|11
Lem Kellar,lkellarou6639,0,11|14|3|3|6|4|14|9
Marthena Skittrall,mskittrall7r26877,0,2|2|13|3|9|14|13|8
Patty Cattermoul,pcattermoul5r17338,0,11|0|10|4|11|1|15|12
Harvey Dunrige,hdunriget1141,0,8|7|23|1|5|17|3|0
Gallard Quiddinton,gquiddinton5w22228,0,4|17|4|16|10|1|11|1
Oralla Cowey,ocoweyou8864,0,15|9|0|15|13|4|8|0
Leila Setter,lsetter425202,0,6|5|2|6|6|3|21|15
Doe Greguoli,dgreguolil229819,0,7|0|19|8|2|9|11|8
Steffie Jillard,sjillardnk20191,0,0|15|17|3|7|12|3|7
